ID,label
ad89a418-ea50-4c19-ad22-1990b7f827f5.eml,1
798a7f00-ce1d-43e2-8551-edf70f361c12.eml,1
6514851a-ebbf-48e2-946b-801a77c47c77.eml,1
b739488f-1e13-4e7b-b0c3-906dd5863338.eml,1
79bdede0-2c81-48f1-8da1-6f5d2e2e2f8f.eml,1
949fd115-f0e7-4a24-a7c3-b588fc93def8.eml,1
bf730b46-d2aa-48b5-a0e0-c7574050745f.eml,1
bf3f80c0-3de3-4007-8cdf-c25897a82a97.eml,1
ca4686d3-b966-4cc2-aaa4-93732e08fae8.eml,1
7e6fe8c6-4629-4b51-af53-053a2f6f87fa.eml,1
a755dba1-da3a-414f-9156-a6fd4a7215e3.eml,1
c41be911-4b77-40bb-8bc2-776af78e308a.eml,1
c7851262-541c-4056-b36e-5a42157fb8ed.eml,1
0e02324d-be2f-4578-bd01-ce847f72c9ad.eml,1
cd9bf563-8b64-4172-85d9-0949c1209f0f.eml,1
351b0b60-d047-4b43-b231-82d797e6141a.eml,1
206eed0b-f0b5-4095-a0ef-b42cf1d78545.eml,1
00e97b67-b380-49d9-83a6-4447518f5666.eml,1
283e8131-848a-4176-8ecf-3136f7c6f703.eml,1
564f9303-38d9-4bd4-abc3-5a3bc28b722e.eml,1
2f6fbb21-12f3-4a3e-a2ce-02049168a630.eml,1
1bd83290-de35-4b32-9ab7-440a7b8ec08c.eml,1
942bdbfa-fed1-4633-9612-6b9e887d48b1.eml,1
e2b18277-8684-42c4-87a9-87559c667e0b.eml,1
0d157ca6-1ec0-4719-b24c-9fcdca77d03e.eml,1
540c2b62-a70c-44d0-ab11-b7988b784ecb.eml,1
054c3914-1642-4e07-87b7-77197dd91e16.eml,1
5db2c00f-2f87-40fd-8ada-3a846bf8f3ca.eml,1
b11f6bb4-bdf2-414d-b143-b896119f330c.eml,1
add02fca-fa94-4f31-8531-926f2dd86bb2.eml,1
7a2d0b6f-a960-43d3-92ae-a83025d6211e.eml,1
531fd3c8-079d-40cf-8b43-8f582fc9e8ab.eml,1
b506e7e6-22b3-4b71-b9cb-af6b48baa199.eml,1
bacbe421-d14a-4cfe-a32a-e31c58913e09.eml,1
0c2a3c45-5a65-41c9-b34f-da10d90d13d7.eml,1
775702c5-cc13-4662-b2ab-3484c9935c88.eml,1
9831102d-689f-4f89-9e7c-f3f8c0490c7f.eml,1
37a241d7-30bb-4d6b-bc93-9a0afa1828ec.eml,0
021dc4d2-fc77-42e4-8148-16d2e14beaa7.eml,0
cb91e256-762c-42f0-a975-348a635e78a4.eml,1
b2a4d60c-c342-4c9a-98a3-ec054901b75e.eml,1
8593273f-48d3-4ab8-b75e-7d56c548d7ac.eml,1
de843f01-f7bb-4263-a5cb-19e2f46c1e29.eml,1
e892d9d9-1ca8-4456-af43-4b43e74474f5.eml,1
89efb95a-7e56-4b7f-9b84-c8bb43fcdd30.eml,1
96796584-0e2e-4092-ac07-961fdc9e5725.eml,1
016e2ee0-9f2a-4b16-a22a-8a2119c5fba3.eml,1
0e1e7059-a888-451f-8691-e70caabb7869.eml,1
26f29fab-885c-4d58-a84f-6e7b90bf4c57.eml,1
784bbe58-92ee-4a3e-a107-4cb4e78fa8df.eml,1
e817a173-841c-42f2-9c46-3648522c1a60.eml,0
18ebeb46-e2b8-4008-9b04-302e3a41533f.eml,1
13690ae0-006a-4940-b9a2-17efeb62beb1.eml,1
9ea596f7-1005-483d-8333-ec00f960fe44.eml,1
fb9f4924-d328-4917-ad80-f23846cada66.eml,1
07046059-1a5c-4d61-822c-3dc801747565.eml,1
3dc3bc45-6deb-4f57-a463-3639a005befe.eml,1
1f3c65d0-999b-4ff1-af6c-82f4de8322f4.eml,1
f81ed843-e510-4015-ba6e-4b2fb5b8cba7.eml,1
9bd8b5cf-08ab-4e50-8411-c06452b281e9.eml,1
e9832a5d-7e0f-4b90-9202-14f2ffe56953.eml,1
ff5f2d97-fb7a-412e-9a00-7ac8bb64ad2b.eml,1
176b346d-1952-4243-ac41-0f7697abc1b7.eml,1
83a20dc2-1258-4ea4-b6e3-865c1b3c4742.eml,1
7f241599-aedf-44d3-8648-c27c5422d986.eml,1
b284ff2c-6cf5-4a04-8aad-7975b230f6f4.eml,1
eb13466a-3860-4a70-9627-0c12165279ef.eml,1
0f9bf488-70dd-4bcf-88ea-f6ae0fe458ff.eml,1
6648e882-d5a5-4446-baf9-c608afb34eb5.eml,0
4ed44f5f-a4c8-4d93-86f2-6ef6f322a621.eml,1
d5cc0d3e-d6b5-4844-9518-4be9b20cc6cf.eml,1
d92a8600-1c35-4f24-90e0-3556b3b91929.eml,1
e4cdaf88-c06b-4690-8646-25425bbde666.eml,1
5f33027d-8609-47bc-b295-7863c9e97e95.eml,1
7cedbacb-e727-4fae-aa1c-013fad8cbe09.eml,1
23b24713-c17e-4377-bcb3-95fd9f5bbfcf.eml,1
3195bc69-68be-4ce6-9fe2-9029d3de37ae.eml,1
229179a7-e6ce-4009-9548-2d379c8ccc5d.eml,1
a676a24e-8a12-41c3-9716-51f41e88e7ec.eml,1
8d03fb39-9ddf-4b52-8a4b-438c5710d2cb.eml,1
09fd1ea2-ed24-48cc-a27e-7558d6c104c4.eml,0
082faa84-b473-4672-9c2a-b28eea28e318.eml,1
89ae36b5-6c9c-460b-af52-44e7eef05a0d.eml,1
c92ccf9d-684f-433f-a53a-d034e51b82a4.eml,1
5cdb3246-56f2-4a17-9008-d4c83c8de7f0.eml,1
54476661-70e0-42ce-9db4-d9654a9518ff.eml,1
d852a42d-edc5-4b48-8ad9-ae868f92a5c4.eml,1
937946ec-d6fa-4f61-8215-aa06cf8b6059.eml,1
d610804a-921d-45ce-b109-93afb30c91b9.eml,1
eda674f8-9115-488f-89fe-fcdeb8bcecfb.eml,1
9c12999b-e835-451a-892e-7ed4fedaaeb7.eml,1
39e2c2f9-fbab-4960-9e5e-72f9d0c02754.eml,1
3b2b60cd-c765-4fad-a33b-0250689e328b.eml,1
3fee5692-3593-474f-882e-0fe7ecca1a94.eml,0
f86232e9-c96c-4ebd-8a5c-8ce94f77c069.eml,1
1d8b39d9-ac0b-491a-9cac-5536d57ed390.eml,1
2cac5801-1cd6-4af0-87c1-c4ea9d42e9bb.eml,1
716fdb16-e86d-41e2-ae76-5b163773fe6c.eml,1
3c0ba950-c066-4de8-8c48-36376cfcb4cd.eml,1
21d062f6-c229-460f-8405-ed591859e389.eml,1
d4f5bc19-ccf5-4717-ad52-54f417f23987.eml,1
6e142e2c-b221-45c1-b88d-7eb435c9690b.eml,1
272b4d8e-e90d-4c3e-8ff2-3973bd2b8ea4.eml,1
36b62009-92a6-4ed9-8214-fcbd6842d4e6.eml,1
f6c67916-ebc5-40ed-bb7e-e2d459a4cb6e.eml,1
7b861c41-1ffa-4ee2-9323-db8c993ac9bc.eml,1
d9200fd3-657e-4f7c-b05b-a85a44a1aee6.eml,1
973937c1-4709-41bb-9e9e-23a45c524bca.eml,1
b7eac39b-9edc-44ae-a4e0-c9728206744c.eml,1
6ae21fff-91a0-4013-b095-daf2a2aff6da.eml,0
ed2786e5-5f7b-4456-9702-9e35e9c0b66f.eml,1
71bb5bc8-0261-49da-ae2a-e6d86bbb14cb.eml,1
334a7265-7269-4c22-bd42-e15feebea5f7.eml,1
c0dfe452-035b-4ea1-83d9-2ee412412bfa.eml,1
83199cbc-3b79-483e-aa4a-480be374ffab.eml,1
56a3f2ae-84bd-441c-805a-03b6c1da3780.eml,1
86005980-dddf-4a0e-8d2f-b53d2bf721c5.eml,0
c98667b6-b75f-4657-9361-a953fdc71716.eml,1
2af42702-fc47-405c-8806-4bb730b82fb4.eml,1
d4b8ed67-bcd7-46e8-a0a3-018f012b0534.eml,1
e3cabce2-926e-47c3-be44-ac2a17cd612d.eml,1
bd002a55-b976-4291-9238-d7e415649898.eml,1
3d7042a1-957e-4b8a-8b96-e921f972deb8.eml,1
14f84b4d-93ac-43bf-aad6-a8bc1c55effd.eml,0
386cda73-e505-4634-9c3d-768ed945780f.eml,-
38131e3a-ba94-4920-af3b-16af7a46eac3.eml,1
cbd16548-9146-45c2-9165-eaeaf77179c4.eml,1
b29421e8-b09f-4284-a87c-fbf9329f7359.eml,1
ed40a2ab-e9c4-4a92-8843-a908b5bc63c3.eml,1
924a3dfa-66c8-4a87-a30e-69a785865776.eml,1
eef3a484-f26b-40af-a98c-4291756682a2.eml,0
48d1aad9-7bda-4836-8140-6483c5ff55eb.eml,1
0f084478-97c8-4968-88db-9f0226baf926.eml,1
aa0c12ff-54d6-469d-8397-815e42b1c40a.eml,1
43960dd6-e3fb-47fc-b0a2-83b3bb2ed19f.eml,1
8ba4d3e4-2693-4bc6-ae3c-8c0b7ba9a40d.eml,1
85cbf35a-23ca-41be-b301-ba84477f9b2b.eml,0
7f52ac85-13d2-487d-af84-3bc773e7a8e9.eml,1
5cbe8fcd-e60e-44b2-82f8-22ab30538684.eml,1
eb859ff4-a86a-4004-88bd-e6fe734b7c47.eml,1
02c0aa1e-f345-4a67-8fa6-2be6a5109fa1.eml,1
ebb1505e-0287-44a2-88ad-eb808d2fe643.eml,1
ffce2710-d230-4993-aeff-ca22d8cd2fa3.eml,1
de7293e2-1244-4dd9-b33f-2b6b85a9da7d.eml,1
84efc776-533a-422e-b4a5-67563a34e637.eml,1
6244fe46-4b4c-4ac9-9420-58bc2cf9ecb1.eml,1
a9db8d72-762a-40cf-88ed-ab9aa9ef8c25.eml,1
d46dd3a4-a55c-4650-a403-954a6f3a7c0f.eml,1
2de374e4-af27-4bff-b246-7ae9f253bcce.eml,1
9ebde4d7-79c3-4a59-bf3b-22c8b97e8afb.eml,1
a5db680b-7abf-4985-ae1a-f26a9d64d327.eml,1
0f2030d1-cb42-47db-9c75-e8184de28eca.eml,1
5f4c143e-b19c-4c7b-bc5d-b4de7b65f12a.eml,1
a1c26e37-f788-450f-9b87-4e4fc78a8cec.eml,1
783f0365-6deb-4505-9f7d-edfdde8534e0.eml,1
a2a08917-3c55-4b89-9908-16037ed25760.eml,1
0b0466ac-0ccf-4afb-9e14-09017ea3d5b7.eml,1
e9d79a61-aeb8-44e7-9918-d3d69b08cf59.eml,1
c4a8d4a0-a98a-4e72-8893-4f24dede7a6a.eml,1
3a5e30a5-0ca9-41c9-968e-468f0e78941d.eml,0
ab519e39-1f12-458c-8dcc-8050a0b8fa54.eml,1
54fa35b4-5cd6-439d-9532-081267829c4a.eml,0
b1199d15-7cfd-4c3e-a232-8b49ba78b936.eml,0
b24d7914-1e8b-4689-a19b-a6d37ae0ac8c.eml,1
ab96274f-f9ae-4fb3-975d-06d6f5292737.eml,1
38c3ff41-f348-4773-ba9e-be3c3cdbaf5b.eml,1
8f18cb5a-08fb-4bd4-9cab-b4522dd14c07.eml,1
42c1ec41-f252-43a7-aa8b-4020a122a776.eml,1
bacb4162-3423-4dd6-bb3d-62ea48855afe.eml,1
b192cfc2-35c0-48c7-b688-7e2a5fe03115.eml,1
eda08dc2-77e3-481e-ae93-46f476bc14f3.eml,1
52195392-b52d-4c48-ae27-372d7ca71cd4.eml,1
e067f7b2-9768-48de-a8c1-92951e349091.eml,1
31ae0b9c-ecf4-40fb-a363-d6803bc3037e.eml,1
8c485d09-5890-4f36-ade2-dfe96a1fe510.eml,1
745b5113-31b6-42c1-b1ee-b0a19acd0308.eml,1
b2139984-84ab-4bc9-a904-4999131ea0fe.eml,1
c0f36750-3af5-4c80-866f-c4b27a0569db.eml,1
1a1c7143-2273-4d44-9600-d3f31a97de46.eml,1
b3f0e9cc-e2fd-438b-ab43-17d5b9001a4c.eml,1
ea586fcc-93bf-41a7-913e-23dc0c2ce3e6.eml,1
142b9f01-ef35-4db9-b96c-5461397d379e.eml,1
ccef6f30-b909-4537-86dd-767403e68d1f.eml,1
a51bb0e1-9fce-435f-8e58-88983ce700e3.eml,1
79a61889-bce0-4b8f-bfcf-4061fe3fcd6b.eml,0
ca07976a-437b-43eb-9069-4142ed1863fd.eml,1
60fab0b4-b868-428b-9e1a-004ce5731d6b.eml,1
fd2a24a7-41f6-43e0-90e2-abe3f0f7a32b.eml,1
03c70490-531e-477c-8187-61f6bcb6b11d.eml,1
2059c87b-bcc8-45fa-aab3-66e4b8b298f8.eml,1
0901d6a0-9f70-4f52-8b46-d2e5d84c25c7.eml,1
23ab17ea-3a7b-4cac-bdab-4ccb5ad3d7c4.eml,1
e85803ea-389c-4fb3-83bb-9511cfaa45b0.eml,1
51c0c579-a370-4305-9c8f-ce7eb9481096.eml,1
793afc9d-7d4e-48ea-877a-2f6c942694a2.eml,1
a0737285-6976-44c0-8514-0e85ef486642.eml,1
aeca66ed-0f4e-4bd3-9bbf-9ddc88b5dde4.eml,0
7809d241-800c-43e6-8f44-c83869bb70ad.eml,1
b8d19aeb-18fb-4e72-8c36-0c0cacf85c2f.eml,1
19717d8c-de1e-4038-961f-399e77b989b9.eml,1
ae2ece61-ef82-4b6f-84ae-bed113d6b818.eml,1
470d9c2a-e116-407c-85d6-89b348f60d93.eml,1
a5c1ca7c-7bdc-4191-aa65-fe952762cff7.eml,1
f2587e22-1701-4eaa-913f-4a69ba53fbcd.eml,1
5b9c0903-a393-4404-be64-dcfd8aec9d5d.eml,1
dae929d5-5417-4e54-bb63-52e177a1184b.eml,0
35c0aa21-2ed6-45a0-80e0-0feccb3a2bb8.eml,0
c38a28bd-b3df-46fc-99df-5cdebc686fdb.eml,1
94495a0b-ba98-4917-9e23-b876b9cf5649.eml,1
e2b40fb7-b7dd-4a40-981c-0426d80757f1.eml,1
c47ade2c-4eb2-4d53-a2de-2a8dfb61d2b7.eml,1
db910d5b-c2a7-47a5-94af-dfa98b5a5601.eml,1
09cb34b3-f2b9-498a-b88f-c77731116e76.eml,1
23eb558e-6547-48a4-9210-49163086be9d.eml,1
5d0c579b-b64c-4894-a73a-d6eed9b295ab.eml,1
6b634bf7-00ea-4fe9-a5ed-e0686005874a.eml,1
d4bce2ca-6df9-4ef1-ae6c-24ee8ad96a72.eml,1
12fcc5cc-7b30-45a7-aba7-182c7f8c6928.eml,1
c793313b-3c6d-44b2-b4a8-fc0ebb0b539b.eml,1
b1d8034b-810a-46ae-bfc5-2ef748447af8.eml,1
1ca07336-65a0-4f0a-bdab-2ad4646f0113.eml,1
d843e0d1-44db-46a8-8115-6ec423d5eae3.eml,1
4773c112-95c1-49ec-b04e-b37a973d1345.eml,1
dc6ae0a9-4c32-40f5-94a3-a4b391910fe2.eml,1
2736a4a0-62d3-4520-8fd8-665c1be42aad.eml,1
7f78b7ed-269b-4c17-8ee0-54e8150520d9.eml,1
d83faa36-5a19-4dfb-99f7-74fbcb0f3820.eml,1
c9474e00-f806-422c-a140-3b32f11267df.eml,1
01a21e47-0d0d-4c1c-9ae0-01f8d91f3127.eml,1
c4364a9a-a083-4449-9041-5c0d76ec2443.eml,1
6fbb647a-6257-4718-a9f3-ee6645b11b18.eml,1
ae714105-b539-46b0-a19a-9784633ac89c.eml,1
d430c178-d456-4790-aa08-6cc8474533c0.eml,0
bf8b218e-2cf9-46a7-8a4a-f3f3b47f9d60.eml,1
0eb4e14a-c2e6-4ccb-b8b7-becad3bf1091.eml,1
55ad782f-8598-4f1f-9fe2-129eb98bd412.eml,1
10ea602c-6426-482a-a5fe-b24b3596d6d1.eml,1
7f433d77-3953-4ae6-be83-a6d1ae856da2.eml,1
a4632f23-95f8-417c-afad-3ec3dfa1488f.eml,1
bbac844f-43c7-428d-bf33-5664e95ec8cf.eml,1
313d2ad0-0f54-4067-821c-1f00726026e1.eml,1
a2421320-d6ed-44af-8cf0-a4d3e50cee34.eml,1
890c64de-544b-469e-8f4f-fc41a7ea6dc5.eml,0
2fad806b-bf9a-4803-9832-bf180b664ddf.eml,1
6428fdfa-ee06-4d2e-b755-da63fb05f5a0.eml,1
a01cd35d-b446-4756-9396-037258610a7b.eml,1
e812ea19-0ead-4c2d-b3cf-70342c28fec6.eml,1
43b73541-b629-4f24-a32d-812f517616fc.eml,1
08e734de-6658-4c84-91cd-dd555e0a8234.eml,1
c1df00b1-087b-467a-9154-e01c1bd78579.eml,1
a2ee7978-2c5b-4828-a4b8-147fcbd9a3a7.eml,1
62fd6a1e-ef05-4d5e-9ccb-54e38998059d.eml,1
a32c4ba5-f3a4-4fd7-b483-5c24e995493f.eml,1
8a5d0738-aee1-4328-ab21-efa04db0c7fc.eml,1
902ec53b-0c22-4c36-ac35-2b5abb685719.eml,1
42410381-46a8-4851-8ef7-24015d6c080f.eml,1
e12ec042-a808-4545-bd41-4317babcd550.eml,1
2b3a49f6-ffe4-4f09-a88f-1f7ada79c8ee.eml,1
c5596ff9-39e4-4008-b308-044ffdd6d1bb.eml,1
a2a65dd8-cc9d-4d0f-a611-9e16f364eecd.eml,1
54f3f3c8-6c3c-4e8f-8162-08535418493c.eml,1
9e1a2940-26ca-494c-8173-d3cbad7e80c2.eml,1
7a254d85-425a-4668-8fc9-c02f3fa0c35b.eml,1
3e3a7a5e-deaa-46aa-8f0c-4ca9aa92c7e9.eml,1
d4567b65-c7ad-40e0-aa98-ab4dec22de26.eml,1
65ca070e-e66a-4e35-a451-c0d36165d171.eml,1
8ea19f35-47c3-4c0f-b9f2-daac2f9a01af.eml,1
33732cb6-5a9b-4a81-9689-bced722ed81a.eml,1
266ad94a-eb58-4efc-b1f1-8047e0bec3ec.eml,1
69aa39f1-d201-426c-a7bf-d8b28564f4c2.eml,1
1ed1ed29-bbe6-4866-89e3-c122cebc50e4.eml,1
c8b97d14-9206-474e-9417-9428a54317b9.eml,1
82ac1b85-f7e6-4c33-b1bc-d2d2c45ecbf3.eml,1
b4e07f51-56e3-4e23-b7c1-b8c15b0858ea.eml,1
c1e70e0a-b0fb-4566-b9eb-62551d5cc587.eml,1
c35785e8-bd97-48f4-9aef-ae2aefb864f5.eml,1
3376c2fa-9a0a-43ef-9390-305987cb1ada.eml,1
87b41395-9434-4499-b604-6eb3153cc200.eml,1
dfbc20fc-5e63-472d-84eb-fd9106387963.eml,1
b328193f-692d-4cb0-9909-526c8c806199.eml,1
59dc51ba-b057-4855-bbef-02dec6b7a639.eml,0
e9f65657-83a8-4d74-ab08-3d9d9f618ecf.eml,1
88f2fcbb-a110-46db-909b-35809954da54.eml,1
6ea3c8de-acba-4741-b44f-41597c5bae64.eml,1
26e87f7a-5aaf-4057-b985-59a376b3d5d3.eml,1
6e1770a5-7bc7-48fb-9bbc-bc372de9e45d.eml,1
5b39d91e-1890-4ef2-90ec-627d7d64be37.eml,1
9e21e793-cfff-4e08-8973-0db6af40e097.eml,0
cbb0a271-68b6-4f0d-81f9-63b0a3aec929.eml,1
8c8e6a37-bd26-4573-8b3b-7995953895d4.eml,0
b56315e5-f967-49b3-9bcc-43be7aac992b.eml,1
466fea02-e404-4d6c-aa9c-b1d44edd3c48.eml,1
3c0d466a-b141-45e1-b3c5-01bc5dbea880.eml,1
2b1b2dbf-5bfb-4632-8dfa-830d60b9c7ad.eml,1
85110937-1150-44ee-9374-55726295b577.eml,1
95b58be6-419d-4d19-8767-3723dc1677e9.eml,1
0b50cf1b-8700-4d12-b42b-eab7220accee.eml,1
21b20448-1d4b-4b72-8d49-08c9ad194d18.eml,1
6b4b5192-e56e-4937-9e08-1368336f3ec5.eml,1
31d608cf-b960-4f3d-904a-5c391fc1d08a.eml,1
bdd1b551-15f6-4224-b4fc-516eb8ea6091.eml,1
cc11713c-b044-4329-a367-fea3711b69b3.eml,1
2faf44b1-133c-4936-be70-c0674ece1343.eml,1
01580705-537c-4a9f-a31a-3599d536a136.eml,1
0303c03e-958d-4338-bf66-7abc10dbacb7.eml,1
f39bbe7d-8099-4fe4-a572-8748744bc306.eml,1
747b9624-d2f6-4ec0-9150-d1570a5d72ed.eml,1
db4c1cf4-fc4d-421b-b021-94bbbd64ba3c.eml,1
5662a772-40f1-4f2e-97cc-172f787f9868.eml,0
f454335c-8412-402f-8d60-ac45f8fc1dc6.eml,1
823f9279-2545-4a69-83ce-41e2f987a908.eml,1
2f757701-1ac2-4451-ab15-f3927d76d6fd.eml,1
c86b790c-0c2f-4fd6-9225-b1df94201a56.eml,1
7c04094d-32f4-42b7-bf8f-d990015cbf9e.eml,1
5c9041eb-5b81-4a10-84ad-6a64a5b84366.eml,1
f4f900ff-a6ec-4bd7-b520-a47b76b521b3.eml,1
1739ab0d-8a29-4530-98dd-413be52e13f8.eml,1
679183f7-60ab-4cc1-bc08-120a1e1c6033.eml,0
55627d27-433b-401e-9fb4-b63e57cad67d.eml,1
79fea4ff-923e-49c6-ba79-21b1eadb8072.eml,1
86ca1e36-12d9-4f97-b62b-4cdee683958c.eml,1
db93a9c5-00b5-4ca8-972d-9101881047ca.eml,0
677f9d4f-db09-4d80-97f0-d19cfe61559a.eml,1
c4f462dc-f607-4c09-9ef3-1d018f78dd1f.eml,1
cb2d698c-297c-4082-a6da-1f7c2b805809.eml,1
e7c12008-5378-42b1-a12c-1a5d95956986.eml,1
594fa363-9447-46e9-91ff-1665e7f58487.eml,1
7eec1410-8dee-46f5-9394-3a9b0ddd8afc.eml,1
4d8c1820-01d4-4985-9709-30ec88ef65da.eml,1
6ebf27f2-975e-4535-ba8f-985ef8c35870.eml,1
5da5cb2f-4a20-4fb2-9f1b-4befcb08ed42.eml,0
1ba5a892-1bd1-4e6c-adeb-74d5bc06f042.eml,1
1c7d0589-897b-4a18-84f1-d3a0910ab7a6.eml,1
e64e23a2-a035-48ef-be83-9e28200780d3.eml,1
647d88a8-a087-4765-b268-2db523ad6fc9.eml,1
262cc26b-92fa-4343-886e-39e93b135d7a.eml,1
a95a2d50-e21d-49d3-9200-67468c7f4bac.eml,1
1e7cab8b-f44c-49b0-806c-539d136ce33c.eml,1
61673d9c-2ea9-4ef7-b844-d0ca4b280c6d.eml,1
a44dc9ca-b817-46d8-8b39-ef4357289b42.eml,0
437f8266-2bb1-4512-8030-eb8ac26c2c55.eml,1
e275153d-7d27-4614-875d-affa4e9fa9a7.eml,1
55149e6a-09f2-4fe3-99ff-5bd1304f0222.eml,1
93a1a5da-4356-40e9-9dcd-3254c337ff72.eml,0
107f8bd5-9871-4469-8909-accd1110d8b0.eml,1
12eb5469-57e1-4f97-8af3-17eb1ea4f41a.eml,1
c65c6c2e-7c04-4413-8bd3-bdb9bf276afa.eml,1
ded64184-c7b1-415b-93dc-907712cbf093.eml,1
ac1f5873-5079-4141-af92-8e43b7cea7f5.eml,1
56934c57-8dc0-4d69-a6c7-423eb95027e4.eml,1
c12f5268-9975-4586-be98-045b36d28e5e.eml,1
b2f24038-7b1d-468b-9330-eed2fce300f9.eml,0
a4404a75-cb14-4f28-8008-2cc303ffcc4f.eml,0
051a3098-5ec1-40ee-8869-b226327a3116.eml,1
50e580e7-7310-44bd-bb78-d124d6705cba.eml,0
45d5daa9-604f-401b-95fc-19733d0bb310.eml,1
49bc9490-3ea6-45ee-9730-d57a05150f80.eml,1
885bcf84-c39c-4130-bf37-f21605fe235e.eml,1
c7572932-d8cc-41a7-97c5-8b3e285b92fb.eml,1
fc19df89-bfe7-491b-a854-b43c7fbfcf38.eml,1
8d00d59f-ed71-409d-b39d-14bd86a03be4.eml,1
24d35d29-605e-44e9-975e-953b1b5c5624.eml,1
733aa13e-1a76-4a00-b770-73c0a92fdab5.eml,1
d9ea284c-c751-4e0e-8fa2-6bfcc474e1f9.eml,1
159c956d-142a-4ffd-bdf7-9309d1630bd8.eml,1
3262da7d-ba31-42b5-b908-2c14fec398f7.eml,1
13be3f54-18d5-40a3-b835-3f6439fedbe1.eml,0
e07b93f2-a9fc-466e-8eb8-f8d0621f79a3.eml,1
f3365e54-9c50-40bc-bbdc-a7b95e2c122f.eml,1
c0dc2e4c-4f80-4958-940f-ac32e937f330.eml,0
16533650-3903-4e15-89bc-319404911e56.eml,1
fafd2829-dc1f-42f5-8910-a0969c84473a.eml,1
d45bf6d0-f1c5-470a-9183-2844384c01fa.eml,1
98028499-6d46-4b4d-ac77-0c92b1f70dea.eml,0
a51d3734-d9ff-4f8e-82a5-1422cae2e759.eml,1
278f9e02-5e8c-49e5-92de-6bbdb9e571ad.eml,1
03e1b554-cf82-4222-ba63-91ddb45cf391.eml,0
4167a1d3-396b-423e-b766-50b050ce320d.eml,1
c55899f1-9959-4452-9072-310a75df7075.eml,1
83a52dc3-d198-458b-8f26-6989b971a357.eml,1
f477e014-e4f2-4348-b23b-e36a5758631a.eml,1
15cbefdc-0ca7-444a-8c21-710d7ea6c3f9.eml,1
88a450f5-0a00-4cc4-8338-31186d4ad537.eml,1
20d7758b-b99e-4ae4-8aad-cfd022113164.eml,1
6154ffef-0740-4ea3-ab1b-5249047f214f.eml,1
316f203d-fe90-4bf1-a996-843f79e05330.eml,1
9fd23384-7e77-43cc-8c6c-01a7827d430d.eml,1
288576c0-3bd2-4a0c-9e34-49cd86ff6b36.eml,1
cf160da0-74c1-4907-a0a8-f706e923e21b.eml,1
08dafa0c-fb7a-4825-9ead-dd2c70116d1b.eml,1
a96bb1db-5e4f-4ffa-abb6-59976cc9d368.eml,0
65ff2e6c-9325-41a4-8f9a-6fc7b91ebd68.eml,1
b84b8664-edb1-4234-a2db-db0cc66a7f37.eml,1
2df3d17b-0bdb-4a9c-b5ad-c430da375415.eml,0
224e0afc-2635-48a7-ab5c-483d239a5b77.eml,1
e4918d99-1cdf-4529-b7be-d00142987a52.eml,1
c5ce91af-1f96-480b-bfbc-90b1d1685855.eml,1
a974c9db-fe26-45e7-948e-a47501968269.eml,1
55e954cd-6dec-4247-a079-bae302a01a6c.eml,1
87c380a1-47d0-4169-a0bd-63c69ac7c1ef.eml,1
5e9d6ddd-0b3f-467b-a019-014550f8636a.eml,1
4c8e1603-fdcc-48f4-bdf2-3653a4bdb649.eml,1
cc07b825-000e-4b5d-b7d5-f677af67d6ca.eml,1
867d4e49-4ace-41ed-815c-3e474887eb38.eml,1
f027ddef-d1ff-4bff-8349-e0d171b7a123.eml,1
a72988da-38e9-4f8a-b3c6-1ee87a814071.eml,1
a65ec09d-ddf0-4900-bde5-0e5d5a2fb9c4.eml,0
8238a43b-73b4-47f7-bb7c-e10c29b8a961.eml,1
e8545089-3a41-4d42-8128-510b751509b4.eml,1
0bcf54cd-f28d-49a7-8f6b-49ffafa4e3dd.eml,1
5b0fe13f-746b-4441-8797-ac0a705aa043.eml,1
430c28c4-2b2f-4d08-8899-39b9ecd1dd21.eml,1
816d7d63-ad4c-4cc4-af27-88881f9e6efc.eml,1
3ed7b2a8-ab14-4201-9c99-3933da77c16b.eml,1
7a08c3e7-2e48-44cc-a5fb-674210726672.eml,1
1eea06c1-334f-47d8-9969-cb7fe01dd6c4.eml,0
f808fd9b-2ac8-40bb-b15a-6aa014741b02.eml,1
1c6d470a-4b3a-4217-b83a-ef881857fce2.eml,1
7c810c15-de70-421a-8cd9-aabf641e58aa.eml,1
273ac4d1-699c-41b0-99f8-6d991bd906a4.eml,1
1d2bc3a0-18be-45e0-a799-cc7084fb45ca.eml,1
8fbb2cdf-cb32-4ed1-aff9-2d86808f84dd.eml,1
0c45600d-504d-4893-82aa-7762c2800868.eml,1
9c0fb35b-2e29-4364-b26b-ddb911a78030.eml,1
9bdeaa10-4507-44f7-aeb2-8b86a20127cf.eml,1
f86f9963-b6b1-40fc-9e5f-91a9d47b1ff6.eml,0
60398cfe-8cc4-4bee-aeac-fbfa4953695a.eml,1
04f12639-35ea-4bfe-93dc-3cf746ad41fb.eml,1
7b284f18-d5f9-4bb4-849c-a6363fdece11.eml,1
e5719929-3ec7-4564-8b64-1a3dac6e8289.eml,1
385fd067-9226-4640-ad6a-266c81af3c76.eml,1
02153bec-a23d-41d8-af99-5a0558331f6a.eml,1
33e1a069-cfb5-4eff-8b1b-e0d98f1472a0.eml,0
27119b15-2886-44a2-832a-bffbe52bdaf4.eml,1
4bbf7650-6e93-48ba-8304-6b1c3efbd891.eml,1
cb179903-0b9b-4129-8464-8a8cc003dc71.eml,1
1088b4b6-a96e-4d37-94a5-0967ceddcf30.eml,1
3e2226d2-3901-435b-816a-90f174c87016.eml,1
2730ea3d-136c-4465-9dce-36d87f41c2db.eml,1
8a4f8a1c-4330-42e8-a4d8-0ed1cd555b15.eml,1
9b149499-8ffb-46b3-8e00-2954288db849.eml,1
64524893-45a6-4c85-898b-cfc70e6dca8e.eml,1
d4f26848-5a68-4b9a-ad49-7cd52bb59740.eml,1
f2ce20b4-cce2-4d4c-8c72-66fc2580a55e.eml,1
4432a0b1-ec10-476e-9f96-0bee91c6abca.eml,1
945de06b-d137-4605-b6cc-1d6098f8b074.eml,1
d5f26279-f27e-4032-b932-c5f49ee1dced.eml,1
a23ef2ee-6dfb-4f54-a57c-e6893b23f4bd.eml,1
9c6b9c3a-a7d3-4c82-afd9-99422ecf16db.eml,1
02fd9d70-a40b-4fe0-a65f-638e372fd0dd.eml,1
d84e4c80-cd51-41a0-aa77-f11e5075e388.eml,1
610f1c6d-7484-4fdd-9747-38e0d8ae6ec5.eml,1
58481f13-6f73-4c7c-81b7-5e7dd6324da6.eml,1
9eab51a2-083b-47a7-b174-1b5d1a1a0045.eml,1
ed40ba6c-5064-405f-b140-848236d50005.eml,1
9cfdc1ee-561c-4fbe-abf9-d26442a93296.eml,1
49df30cb-6d02-442d-9e60-0648c44d062c.eml,1
f4b9d932-6dee-4b23-9d07-e5308aa24af5.eml,1
f7252751-1d3f-4508-a57b-00d751a1fcb6.eml,1
e4c82af7-5fc5-4ab0-a9cf-dbe82bbe927c.eml,1
1015aaef-c4ee-457c-a4ac-c5e5038ccfba.eml,1
a67fb9e2-e988-4e4a-9f27-a0d450303385.eml,0
ddba4f60-9d37-4ceb-a826-e9665e2f2d2c.eml,1
5c6dfa5b-db7b-4444-9e30-4de46654b820.eml,1
4cd3cabc-8ddc-4c08-b282-8dd368e1b083.eml,1
f46c34ed-21c8-4c35-af7a-d0cadb1c402f.eml,1
2ed37273-2ee3-4d84-8c93-76edafcbab82.eml,1
f2ee7bf6-f3b1-4204-8f33-e901e4d8d464.eml,1
c1d556ad-7260-4dcc-ba58-73158fed4daa.eml,1
753ffa51-507b-4f6d-b47d-5931fea2322b.eml,1
23a3011f-a5b6-4f6c-9a2f-a29d2f0158c6.eml,1
3334b3c4-4bdc-47dc-a711-ef1922d21447.eml,1
ad7312f2-ed7f-4c7b-bc78-819a6ca103c9.eml,1
f475420f-ca54-4f2f-83a3-9a48d03951c1.eml,1
302a4e4e-91d8-4e5b-86da-9b85a975d7b5.eml,1
61e02b09-9118-43b3-a81a-53f66c195208.eml,0
5ccd0023-c7c2-443d-b79f-5227bbf7a4d2.eml,1
54d6059f-632e-407f-953a-b013ff44efcb.eml,1
c3f7ec27-783d-4f80-b4e6-62d6372de720.eml,1
b5a445ad-3667-462f-a1d2-c0f120714322.eml,1
6db0bdbd-c5bf-4b44-8e47-067758b0894a.eml,1
4ce2cb37-d4cf-4672-a000-03ab227e7ce1.eml,1
99243281-7c8c-4627-a2e7-29125fad5d05.eml,1
2ad2ab2c-b11d-411a-8ef2-f5675210c040.eml,1
cf804552-ac28-4e2a-bffd-942c2f13c319.eml,1
b14c55f3-f2b9-4f1e-bd2d-2286001600e3.eml,1
ced32139-3edd-4c50-be10-63cfa88723fc.eml,1
7a7f931f-3358-4eb5-bd6c-1fb10fb05f7f.eml,1
b380bf24-4799-4e9a-8a28-f203a914e7ef.eml,1
0ecd2b5b-315a-4b90-bf54-5288bf07c677.eml,1
7e0df09d-ec92-4f80-af81-dd55a773faeb.eml,1
c9a49bc4-f2ed-40da-8553-a85094811a73.eml,1
7e8016e8-49c2-4c22-8af7-40358e7b4aea.eml,1
5cd729fc-4dae-4e2f-b5fe-506c4e9b6f9b.eml,0
e951e9ed-c25a-4737-8d52-68f20c89558c.eml,1
46730fb1-994c-484f-b5e4-bff4d7a4e08f.eml,1
3fc8fa95-1a64-4dc5-b087-ab1d2582c22d.eml,0
214ac7f0-af9c-4ca8-8478-3526fc648436.eml,0
315ff70d-9836-44ee-b708-647dce950e70.eml,1
c2b97e9a-1bb7-49ed-9dae-c79722e15e69.eml,1
cd1d707e-e7c9-46d0-97ce-1c517b750dc5.eml,1
af12f0c1-ea15-4aef-ad26-5dcd7ea582d3.eml,1
77a591a5-0555-423a-bcaa-7baea807c68b.eml,1
39210a0d-5f97-4e1e-8e9f-cea758013b89.eml,1
a9241336-ed3d-4feb-80d8-d99793c549ed.eml,1
2a573d8d-ba82-4d8e-9d73-c60566ee1e76.eml,1
1c0e5034-a4cc-424b-95f5-7539059d2fef.eml,1
3d3ca201-54fe-4b3e-8b52-f0d3b208d160.eml,0
f88e9ee2-3600-4117-9244-4e8a5c22f856.eml,1
4f6e71c6-e5d1-4059-b52a-4a1326303d14.eml,1
d181c471-5641-46e0-a002-aebecc755b4b.eml,1
760fd03d-0a7f-40a4-b544-aa93c902ed24.eml,1
9bdc250d-7fce-431e-ad81-5d79238b0750.eml,1
f3df4af3-caf9-42fa-9074-ad600199be95.eml,1
74b5f64f-176d-422a-a1c7-53dab86c6c03.eml,1
f3f3510f-3f45-4325-a69a-aa21a17a3fce.eml,1
78b26619-f1fa-4757-af5e-5c952842ecf8.eml,1
1f34c1da-9235-450a-a65e-ec93250ce468.eml,1
093107e4-b53b-4c7f-b9d7-78470c86b6e8.eml,1
d06b6758-e222-4549-b9ab-73f5290d48ea.eml,1
c92257d9-f149-4304-8e3d-e753c364791a.eml,1
5b1bb13e-27b6-4b7e-90e5-f6d5de1d1030.eml,1
b761fc15-2383-41ac-a7af-2bd5d64a1a05.eml,1
14cb581f-8706-413d-b842-006347480a19.eml,1
8b97da6e-c3c7-431a-a299-4dafc93ec804.eml,1
55a18088-7d6b-4618-86db-08469ba5d33b.eml,1
23b33079-74e7-40c2-ab63-78b9248b7d97.eml,1
a5512e82-31cc-4abb-ac5c-f87962dcca39.eml,1
f01fcb13-8ae2-4992-8dbe-d3ba65457faf.eml,1
080a5185-7af2-43e4-a4f9-8d5a49680efe.eml,1
151789d2-1c5e-45c4-9535-4940983e9fe7.eml,1
bc9db801-4d3d-42ee-a967-d3c25b4e56ca.eml,1
628ab6fb-f9f6-486d-ae07-73de0c6c09f3.eml,1
bceb72ad-e0a7-486b-a117-d20c3ead9145.eml,1
8f17f1c9-4821-4d26-b763-c420a8f6ff26.eml,1
28a7133d-c4b5-421e-8ace-bdcc09baa3b3.eml,1
0d70b425-4078-49e6-87e5-5d3700e541a8.eml,1
76776165-a19e-4676-a66c-8218650a1085.eml,1
c7ac345e-521c-411e-a4a7-26f244676995.eml,1
513380d3-8d0f-44bb-aa92-d0593718f754.eml,0
475013ae-2976-4103-b01e-30407e607181.eml,1
337494af-5494-428f-820c-04b1e2e1dc9f.eml,0
a0e4fb64-6120-402c-b8c9-5c61286f4382.eml,1
993cad51-2a33-43bd-a6bf-055dea024eb1.eml,1
798330c6-1d8c-4149-9631-adf1575519bb.eml,1
7cf2a477-cbee-4f01-b71a-932ec4821ef7.eml,1
f2431074-9e08-4dbc-b8ed-82438c804ef4.eml,1
80bfe576-4046-4f0e-aa9b-f321a6cf9364.eml,1
ec1ccce3-fcfd-4bf8-8f8a-317932301166.eml,1
2c85c392-ccd0-493d-9817-2af47518a7bf.eml,1
ab9cc9c0-4f43-4353-bde5-2c268021e3dd.eml,1
2e8f224b-38d2-4b80-abd8-7ab8fe277a2d.eml,1
6094cd93-3440-4040-b85e-55d180874483.eml,1
4bfd5c39-0b33-4301-b2a9-addaffbcc48c.eml,1
56190019-ba0b-4c4f-9bff-c6fcf2a059e1.eml,1
3a9274e9-7243-4ac0-9b87-a528559356f1.eml,0
6a9a7fbc-5973-42f0-b83b-f5ae1f7083da.eml,1
5463b69c-2be8-45ff-b966-a63c8343c29e.eml,0
1b66eaf5-e3df-4a2b-8072-a3901e1ccaa9.eml,1
ff07195c-05bb-43c8-8415-d5b1f04eca16.eml,1
f4b35885-f48e-41e0-bc0b-33edd23ab688.eml,1
3f9e7e90-bca9-46c5-babf-4e57fbcf2dd7.eml,1
f9fd1d99-19e5-488f-b6a0-9e5dcdf607c5.eml,1
29743beb-7c84-4560-b6f6-8e4efb386bdc.eml,1
70e60264-8cba-468b-9a74-4cf15fda54e3.eml,1
b4116903-882a-442c-b299-7a4e576209ae.eml,1
71fe44f3-9204-4afd-9cc6-05cf76cbc186.eml,1
203dd083-98a5-48b0-bf2c-59a57abeab6e.eml,1
b5156b56-b829-40ec-90bd-a8e22b547c90.eml,0
e427ee77-e6de-48ca-ae79-cf00959003d9.eml,1
c71463af-781c-40f6-8231-48874aede9e0.eml,1
aeca2037-3906-4e6d-9a83-8ba184da5c72.eml,0
57626056-2bf7-46ae-8b55-9eacc70a2ede.eml,1
24a75c6f-4d00-4148-9393-4056a6810e5c.eml,1
402bce04-7eec-46c6-9068-cab8bacdbec4.eml,1
55f75943-9d0f-4db2-bb16-fbfe908729b3.eml,1
77884231-f49d-41d1-8120-ccd38073cd89.eml,1
4fe8773d-b10b-43cf-8d31-9efe1a785355.eml,1
d2d6ae61-8f82-4154-9c75-b98c2a5328db.eml,1
77bc79ec-22c4-49f1-92ff-d538689a70d1.eml,1
63ad2279-d2c5-4968-a839-ece9462ddaf7.eml,1
334bf161-8d21-4645-87c7-257bf4d81725.eml,1
aca77590-f513-49bd-a64e-1e78eee8e8bf.eml,1
b0c463ac-a5c2-4e06-afcf-646890c34794.eml,0
0656a9ff-8e98-4e0e-88ac-75d43893279a.eml,1
0eb77d87-2b81-45fc-a9c2-ab5d61a976ab.eml,1
81c3edf3-1f37-4ca2-ba7c-3045a6452a87.eml,1
b8851549-0e88-4b2a-803c-c2f77fa2e97e.eml,1
8a8fdd91-e2eb-4cfd-a6d9-7653de4b13ac.eml,1
440316b5-fd52-4a52-bafc-96ba490b2866.eml,1
2a08237e-f2a1-4a33-8e99-721e213270c9.eml,1
a3ec7119-f7c5-4564-b6d8-4989f1c8897b.eml,1
b95c2df3-5938-4931-9e17-40e4868452ac.eml,1
6f9496de-8978-4240-ad61-7122e3f61080.eml,1
d6135c63-41e9-42d1-86d8-9dd2526525d3.eml,0
acfaa8b5-be7a-4eaa-b0b7-3515094c28b8.eml,1
85419399-fd7f-4898-898a-d963ece887de.eml,1
4b1832b1-6494-4206-a180-8b246600dcb3.eml,1
8bf7ad7c-27f9-4d6b-901a-10fc2b5904c4.eml,1
4159a0b5-9224-4a65-aeac-72a60db0b595.eml,1
f7254ce3-9feb-4523-8de0-379fcba884b4.eml,1
32508cdf-b97e-48a9-951f-8a5a7711676d.eml,1
d2a9de0d-d5df-4536-bf88-7ae3e7f9a245.eml,1
246df8a7-8cf9-4049-84cb-a882a515d729.eml,1
7ae49b66-216a-455f-bff1-62da61d9b929.eml,1
02b1c5ac-7ac9-4c78-aa1e-c82a0b9fd932.eml,1
74a3aa1f-6cea-4326-ab2e-e5edb50205a7.eml,0
667b6b38-abe0-4784-9e4e-712637946442.eml,1
905d8faa-e898-4381-b03b-dc61643ca463.eml,1
15f1214d-494a-42a8-86af-d97fc7b2c35b.eml,1
f5dd0f3e-058a-4354-a28c-78dea2d296d1.eml,1
df34e8ba-b6af-42d1-bbdb-69ffd9267ac4.eml,1
63d62299-ab65-4cfc-8ace-1e9b8b6f06d6.eml,1
bc1dcbf8-941d-40c4-ad9b-bb23b770ab81.eml,1
ba8254e9-a5dc-489d-8272-f89047584585.eml,1
b4fadb2f-a1e3-4903-9cce-e38adf807cfb.eml,1
0ef94c41-54f9-49ca-b6d3-1a20444681d6.eml,1
78a64f20-d4c2-45ee-a011-a5c57ab8a63b.eml,1
c4889f18-269f-4a18-86e4-bee76a790f91.eml,1
db2c9018-9b31-4a36-b12e-f5c9254fef67.eml,0
b0f7a274-42a8-4970-b42d-d68553aa4713.eml,1
d128f93c-3d37-4bb7-88a0-4d0200a988ec.eml,0
4c9db7fb-7815-4970-8f49-21a9a7b3e0cd.eml,1
6ef0807f-5a2c-4b4b-8142-cefc7f2b76bd.eml,1
be2a59b0-ad2f-49f7-8b48-9f182581fd3e.eml,1
52f69541-7075-4af0-8cb0-6fe216d4cc1f.eml,1
6b90beb8-ab61-4f11-b6d2-75e250b439a9.eml,1
bda2f736-5249-4a09-bbe8-da1f856aea6a.eml,1
aa67749e-5019-4b62-bbb4-eccdf075dbf4.eml,1
874d9ab1-c1ae-4efc-b530-e734774b685b.eml,1
ac144e07-46f5-4c91-a5fa-3f517c9aa57b.eml,-
de2324da-0622-4ce5-a242-648ef86ae6a7.eml,1
04b21de9-f274-4053-96b8-40a8a27e9b66.eml,1
e21cf786-5b68-4a0d-8354-c14138c11106.eml,1
8e25cde8-d9fe-42ce-be8b-74d176cc039b.eml,1
07407c4f-7e20-4fb3-b7fa-c8ed849a8ab1.eml,1
80c65e75-82ac-4c03-b315-5ae2b7293ae6.eml,1
ff040f5b-c32c-495c-a1ab-4ac15a53fe9a.eml,1
ef3c02bf-d629-4295-a5cf-08c8e65b9a6a.eml,1
fa33e2da-cdcb-4a17-aab6-608620023908.eml,1
450a7563-e7af-4d6e-b515-d0d63f14a300.eml,1
8afa76c6-5ba0-4f7b-93a8-7fbf694698aa.eml,1
c5fb86de-30d4-4b00-abc8-90b45eb38648.eml,1
1a5c6806-cd0a-4307-925f-bafa5c184f83.eml,1
3b07f72f-eb6e-4f7d-aaee-0cbc99f32f4d.eml,1
bccf149e-54df-4e8a-8d35-925329cd004e.eml,1
63748783-e5fb-4532-8564-b9b9d5dc1cc1.eml,1
54ddea6a-37b3-4652-9fa1-baeee706b1a5.eml,1
60ca7533-e50c-4e31-a3f0-966792780c0c.eml,1
714d2c66-297b-4591-8ffe-ec9b04f9ef7c.eml,1
b84f305d-4f40-4e6b-8393-3241481caf18.eml,1
2df16d0a-a3f0-4ba3-8b4e-e3889c9d1db2.eml,1
2dc99012-507c-45a9-83f0-7b1eebc295b3.eml,1
e85f17e0-758b-46a9-8e99-ea6dc3f8b8f2.eml,1
27579d4b-b3a5-42ee-bff9-a7bd69b08e4a.eml,1
44cf4029-474b-41f9-9d0f-de924c0d6c33.eml,1
ff0dea42-4b3a-407b-a0a7-70a6fe36e272.eml,1
144ef089-7392-4dc5-8950-de9fbcdb8946.eml,1
c6f6b421-f0f9-4e9a-a06b-0d89537f6a70.eml,1
496c2e29-78d7-4952-8a4b-ae29ee7a4b4c.eml,1
a4820edc-d1fb-40c6-bfa8-8d25c543d718.eml,1
accd7d3e-b0f2-4794-8110-04fadae5e4e2.eml,1
1d345575-e3f4-4139-934c-29316df5b878.eml,1
669f7de3-389f-4e9a-88db-d3d5043b061c.eml,1
1c5a176d-969b-414b-b1f9-e31815019060.eml,1
981d59c6-79e6-4018-8b1f-9a44f7f7994f.eml,1
c8801626-87ff-48c3-8170-a75adb2f659f.eml,0
1d84cb16-0b88-4064-a99c-55f31bff82d4.eml,1
8357e86f-1feb-47b1-99fa-7cb29361cdc1.eml,1
54832516-4252-4903-a473-b77ccf2001f6.eml,1
1d86c464-0ec2-4909-8112-514a727f7458.eml,1
2453fc17-cd8b-462d-8d43-a91faf8eb292.eml,1
f3263c08-f317-4226-8d17-815f4e6cfc6f.eml,1
0e3b842e-0a1f-451a-bae4-04245dd34bae.eml,1
702fd6ae-df39-4b65-8656-10f076152703.eml,1
47043824-0121-4fe8-b514-ecc4022ec24c.eml,1
edd4074b-16e3-42bb-92e6-339a8ad97921.eml,1
610ffaa4-b5d9-4d76-a44c-dd7671a7e964.eml,1
796b5759-a2d7-455c-96f8-30f0d9136b67.eml,1
2e761de3-3bbf-411c-9006-87714739f855.eml,1
4eb97c98-3b55-49ee-887a-9f7ccaa40f48.eml,1
5db28745-4071-400a-bd42-937fff59e1b9.eml,1
a1b49c4c-cffb-432f-ba31-622b3b461989.eml,1
05b43420-9cd5-4f1e-ac07-78c955faa520.eml,1
07ce8d69-be72-4046-bef9-c55e12bb6376.eml,1
ba86334a-d321-4f5c-a106-83b068b77c52.eml,1
14d077e6-33a8-4f45-820d-b44b9ba6e0f9.eml,1
c1806a83-f277-49c0-b973-54716616ef79.eml,1
f06e67b1-ef7c-4aeb-9aba-4ca50f68c472.eml,1
0519de41-2521-42f5-b9be-46358b76d9ab.eml,0
5efcfbc0-c4f9-4761-8b79-8fa543757909.eml,1
9cdab1f9-c852-4808-a2b7-5a9b6ffd7187.eml,1
6a3f2d1e-275b-4bf5-90f6-d72da02d732d.eml,1
c03e5dc3-41d3-45a8-92eb-2b65a7c7a6ea.eml,1
147d1807-9361-4599-b9f6-bbe756296fb3.eml,1
d976c411-8fb7-440c-a5fd-d944fb67624b.eml,1
401ff5b7-3de0-4e31-8f4c-6a09f55c92a9.eml,1
51e932be-15f5-44e5-b051-7165a99d7faa.eml,1
d70eb631-f918-4ab8-aeaa-770aeea6dbb9.eml,1
bca60930-8522-45f1-abbb-ced7e6e1ba55.eml,1
75120f10-a3d3-4ec4-991f-6fba4b5d5aba.eml,1
7bf3126c-6754-43a2-b924-03f6de9cb189.eml,1
2288c998-37dd-4d4f-845f-db08a9164560.eml,1
c6651e0f-ff8a-40a4-9ce9-ad88f2a2bbac.eml,1
e84b7875-eecd-4b01-bd38-2b586af75a2d.eml,1
7a91d309-a53c-41a3-88b4-6e18ea99d0ed.eml,0
b8b32832-c525-4f46-afbb-9e0198ed80dd.eml,1
af128f7b-0714-4d7d-b6de-004d59bf1de9.eml,0
86cad4e3-6b52-45ab-9576-8a3b0d582c25.eml,1
df0cf9d9-92a1-4a72-bfbd-6e520f54701f.eml,1
0cee7b9e-5c44-4589-a0c3-0aef2d03787c.eml,1
d573f241-7061-4bcb-b0c8-b4213c97c3d3.eml,0
bb2bbc08-44b5-4350-8fc2-361131b8bf00.eml,1
a937a3ae-4927-475f-ba42-8f4996639384.eml,1
58c68fa9-5c6b-4d35-94eb-7ce11f0dd0c8.eml,1
ab98a410-3c71-4e2b-b4fd-c8ec5d7ccc0f.eml,1
aa5d2e4b-42fc-4c39-ad85-658984b03cd8.eml,1
b1fb1a75-34c3-40f2-98a6-13414e4f0c3b.eml,0
f22afe35-cb10-40bf-82e0-cdcb10b1bb0a.eml,1
5dd3f68a-c752-40a8-bdbe-6bebe9068dd4.eml,0
96d472c9-db02-4f45-9f87-cefbe66bf06d.eml,1
c920afe5-32e1-452e-a70a-8c716ebe84e8.eml,1
8368880e-803e-457c-8b44-5509a9bc992f.eml,1
3e23517f-b015-4d6a-8f3d-def2f4dd5f43.eml,1
6f8e9f17-9fb9-43ef-83bd-8ef67bca7eb2.eml,1
aeb89801-2fbf-423a-b549-6c7cb67d4f79.eml,1
690a8c6b-d5f5-44ed-b19b-780e3c5c5c59.eml,1
7d2527a6-8b95-4a02-9451-e7dc9578b2fc.eml,1
f7e64696-4679-4e5d-8b47-fe534feb627c.eml,1
9e925ee6-9569-4263-814e-ff91b2f9d008.eml,1
f45a5e50-0ae4-462a-9dc6-f7666439d2cb.eml,1
b52b8464-f836-49c0-8d8d-79052dec9268.eml,1
402e3a1b-cd54-4a8e-b790-b121fc10883f.eml,1
939d19f7-36dd-48bb-ab81-6023fba433f5.eml,1
23b3dce7-3dae-4cd8-a469-fa04a787bc19.eml,1
3a3a77c1-813c-40d1-967c-15e227ca6ca8.eml,1
02d48644-a2d5-4e83-bc83-d990b1ea8e1f.eml,1
577927c8-69b0-49cd-b18d-5d6033c8f65f.eml,1
1694b38a-498c-45f8-b278-bde9d3d42a45.eml,1
e5faed94-46d5-4a45-b292-ad51f7c06779.eml,1
8261e3a6-65c1-428d-ab05-105bd57af542.eml,1
864fe784-3971-4273-aa40-c527f4624621.eml,1
4585c2e2-f1e5-4ae8-a308-eb48773c0567.eml,1
e26d5f9f-24c5-45f0-b47f-8d45eb612274.eml,1
5c8fa476-8bb9-4164-83a4-a2a66b32ac82.eml,1
1d74b100-2edd-4ac9-aad2-39c0ea2a1ff7.eml,1
b24f5dca-e64a-4548-b830-97117c231939.eml,1
36c81d3f-ea46-4811-beac-6132e20e9af9.eml,1
b125c99e-cb6d-4e60-9385-d4543792a6ed.eml,0
68897831-6c4c-44a3-b259-40221a3ce1f2.eml,1
a6e20986-d7d2-48cc-8860-b38604e523c1.eml,1
d428eb52-4583-43cd-b157-fb77cc80afee.eml,0
1fa57718-dd02-4d71-a1e6-5dc762421c0a.eml,1
e93c520a-195c-4ea3-8a8a-63f8e3416776.eml,1
ab0b59cc-224d-47eb-bbd1-096722219300.eml,1
7165a3ba-86a4-4d5d-b31f-27099068b138.eml,1
c36b6bd9-13a2-4fba-bdd3-246ca0054a3d.eml,1
1a9b4bf5-1a9c-4087-b706-bf679b8298d1.eml,1
a0d80c6d-5eaf-4f4a-a8c2-182f3d4a596c.eml,1
2373ae32-5a9b-4cd2-978c-9a0d7f620d8c.eml,1
8e6df33c-fcfb-4a77-8350-4d8e446f3222.eml,1
13c7e330-99ed-4475-abfb-1ff8eec20d11.eml,1
53ac1491-4092-4f7b-b364-730973ffa1fd.eml,0
df707521-0355-4a29-99bf-999eca0fa863.eml,1
d1139994-ed73-4cb8-a8a0-c83fa156abed.eml,1
f49a0951-5c2a-4c1b-8643-a2892c95c2b8.eml,1
ba657c07-a21f-450e-bca7-fb61ee42416e.eml,1
8d33cf52-0303-41f2-8631-b542c26696ad.eml,1
cd6b64cd-b20f-4cee-beb7-781fa8176be3.eml,1
12507cff-a9ad-4aca-a750-b7bed35e70c5.eml,0
9f7fcf71-1b8e-4563-939a-cbaeffee4fd5.eml,1
09f47a0d-8e86-4c80-a076-00b8b5c38b46.eml,1
86387217-a057-4edb-8774-8d3bc67130ef.eml,1
8cc12b64-3bc7-450d-8720-b3cde8d48770.eml,1
6b8a2f16-678f-49c5-8637-ec27fa8a9d90.eml,1
8e6526b7-f9a0-4f92-bfa8-6f089dcfddf6.eml,1
784095ee-729b-4577-9346-8ab367202723.eml,0
da6b4229-3d37-4641-bae1-b98b289f591b.eml,1
5d3527a9-eef8-44af-b9b7-0c8f0088ace0.eml,1
adb3bf08-62d3-4075-913e-14d5c25eb667.eml,1
ac754207-752b-4ec9-a5b0-84a86bfd81ac.eml,1
401d79a3-63d4-44db-bae3-0a81892656e2.eml,0
a9efe225-65bd-4cd2-8047-f0b2a24fd08e.eml,1
e722aafd-c977-473c-acac-f5fe5808ae6a.eml,1
fe031e0b-f18f-4c7b-903b-001aa080fca8.eml,1
eacca23b-9ee5-40b5-8063-0d7da2b70759.eml,1
efa60304-2257-4aea-9719-96e2267a0ddf.eml,1
0130f881-ca53-4746-8c57-4b1bc530a796.eml,1
c0b118d3-93e8-46fe-aaa4-c21d7494d52d.eml,1
4fb81017-a732-4f55-a70c-783be91c54cf.eml,1
fd4c2a59-f33f-4355-a00f-21f78bc6b395.eml,1
457fe4b8-9636-49dc-8ad7-2f7d192d04e6.eml,1
7ed7459c-150a-491a-a165-d9f65dbcd0b8.eml,1
152c6941-95f6-4fb5-b638-f02ceecc439f.eml,1
548bb7d9-f1bb-482e-9573-3107de31f6be.eml,1
8b86a4cc-d76d-4663-bf35-3270fd5caa02.eml,1
8f80dae1-2926-4e62-a11b-1ecf61c1c498.eml,1
23d8eb5a-e3be-41e9-b45b-edeb33e4f367.eml,1
390c37ff-539b-401a-9f1f-1a1147044bb8.eml,1
cb56e211-08cd-4763-8b9a-486655de6795.eml,1
531de1f9-58b3-4a8c-92c0-5248aa1b11f5.eml,1
ee64dec6-50a8-4efa-8ece-94cfd802c193.eml,1
7e9bba97-0676-4228-9b3c-95e758f2a127.eml,1
3f7b26dc-c510-438c-83a6-cc637d0e40de.eml,1
6c87edc8-19b7-4502-8f82-75238e67e3e1.eml,1
c96bcd90-14bc-4f4b-834c-184738cf2752.eml,1
1ccb33f7-0b88-4fbf-90a5-2db09352bd99.eml,1
d95a2d33-4a41-4da9-967c-5b3c289bdf70.eml,1
bb2320e4-a4cd-4a34-9a36-5c1a2d85de9f.eml,1
f65789c5-662f-496d-914e-04641d314d88.eml,1
03ff1243-bde3-4454-ae6b-21c2d45900c4.eml,1
2e0f1784-8487-40c2-b1d4-ec79d5b0a617.eml,1
59cabdb1-6881-4893-bf2a-2686b226e2ff.eml,0
8156d834-3f9e-47a4-82b7-9fe0a7e33c46.eml,1
b10a38e0-efc3-498d-8ca2-b23d538511ff.eml,1
2af2128a-ea41-4945-b44b-06761629d472.eml,1
54b366e1-3425-410e-89a3-bfd468196da2.eml,1
5e550657-53bb-4bf9-9523-16ac3ef064e0.eml,1
333bacb7-c38d-443c-a088-7e1dd7b23d87.eml,1
146a7457-0ca7-450a-a6ca-9b29ea1dc381.eml,1
07a439cb-57ee-4e96-8f82-401ad60c6dd9.eml,1
69bdfe96-d22f-483e-a255-9685f70bec47.eml,0
055653f0-8e1e-43e6-894b-e3c8e5e8157b.eml,1
6f7ab325-e13b-4a17-a9bb-34902dffa932.eml,1
f6236dba-9084-4244-9894-841f37694ee1.eml,1
f2f3680d-1c76-48bd-9491-43d7ca09fb2c.eml,1
f1d941fc-2c67-4f87-ba8c-3bb73d0182a3.eml,1
ef64e9d2-8f1a-4e6d-bbce-e9ed44ef9622.eml,1
bfb916f8-8039-4f1f-8345-d8d2424225ee.eml,1
8aaa3878-41fb-4b87-95b2-901dfed77a8c.eml,1
8840a49d-0c04-4abd-bd44-64307d981026.eml,1
48a5f1cf-0d0e-43f1-a26b-eaaa00666d4a.eml,0
2d5e91bb-7436-45bb-88d7-8482a41ab9b4.eml,1
fccf48a0-57bc-46db-9419-ccd7b1ba4b2e.eml,1
cb509f7a-fa4f-48df-8321-edf89646d0e9.eml,1
42fce0f0-4d76-4541-aacc-6dcf7c1ac60a.eml,1
f61edb12-2ca8-46c6-ba3e-7cde99128daf.eml,0
d8a5d398-3944-4044-bf33-832324da0a56.eml,1
61659e14-790c-4768-8b26-3d8437ad5ed0.eml,1
265443d5-e5e6-4c91-8d3a-23bd4a3bda66.eml,1
64ed6f00-6aec-4e0d-b733-0295bfc15466.eml,1
5f0cea15-6e7e-49e9-9009-71289aca5f6c.eml,1
a563824d-af1e-4cd8-bb58-a0b5f25691bd.eml,1
525c1a59-7b1c-4977-be5d-6de867ec5a9e.eml,1
1e14f0e1-6331-4852-a76c-8f3300fc25ea.eml,1
18a0cb52-5b75-4362-a86b-8275cb8ec91f.eml,1
2bc297af-cefc-4777-9a78-037ad28869cb.eml,1
218ef2d7-e021-4db3-8409-66500faf5cdd.eml,1
b82db811-e2cd-4e89-b3ab-cb55616c192f.eml,1
8e12a8f4-e457-4ebe-ae17-e7ccdb85caaa.eml,1
3fa4410d-7f1b-4ed0-a2f4-523c8149c27a.eml,1
564d8c99-220a-4aa8-bf8e-92bd6319b7dd.eml,1
5b0a5af4-6382-4b57-8b31-bfded68863ba.eml,1
c41453d2-c8c3-4556-978a-dc5d7e282661.eml,1
2ff7315d-6aa7-4de5-8092-51ee5753ce77.eml,1
67e25117-4152-4a08-bade-e23b023beff9.eml,1
a2e1bbf6-7b27-4139-b892-07d008448063.eml,1
d4c4360f-e2be-439e-acda-9bc8241ad044.eml,1
77f1ffa1-a94b-4098-a969-91a44278b8d7.eml,1
9cf7e583-d34b-4c8d-ba59-fa6b1360ee40.eml,1
2937b371-bccb-44b5-96e0-951d9ecf6ff8.eml,-
83e052bf-dd78-41d6-b5d3-e8eb11f97d90.eml,0
ffce42e1-b166-4631-98c2-e4c240674462.eml,1
e779f8c9-e5ec-4cc9-a7fb-0bb31410d351.eml,1
29c079c1-6b86-4561-b76e-7e24a18c5dad.eml,1
5d07ddf8-b005-4071-9a20-76fb2991901d.eml,1
39d36316-fb42-4f4f-8ecb-8a36341ab23e.eml,1
a41eafb1-3114-444c-ab18-7b873b78a920.eml,1
347f37b7-7dd7-4233-8752-32fb68fbe9b5.eml,1
8008f860-1414-4cb4-9239-48955f51523c.eml,1
ea209722-8f62-42c1-ac28-d2a45492355e.eml,1
97a2ec1e-ea6a-4e0a-8297-fdfb50ae2d6f.eml,1
aa5d2913-a2ea-4b5b-b947-5c9836644d82.eml,1
6e350296-32b7-4475-abd3-55f0db67e951.eml,1
82930a66-9a46-49c8-b58c-2d454419ec49.eml,1
42a1b81a-d034-473c-90ce-c1770486834e.eml,1
198aa49a-4ab6-4962-820c-5721c6bc5851.eml,1
33f9452e-efa0-44e2-a9a9-04cc75caa2ec.eml,1
8fa37171-a9c3-4af1-89ba-bf5c4ccf4db9.eml,1
7d4c4859-546e-4e8b-8587-9226633ef44f.eml,1
f6c1aa2a-3752-4daf-8878-94c530f88bdd.eml,0
1dc4fe37-b0d8-49b1-85c3-63fb6f51c8b0.eml,1
2dbfe3f2-2e0e-487b-8c3a-42e55755835d.eml,1
d7db55fb-5a83-4040-a90c-909da082e203.eml,1
5f217780-6694-46aa-bcc1-24c233252f82.eml,1
dc888914-740d-4614-ac14-cd841a66d355.eml,0
17a32bbb-cc96-4e0c-903a-35d320b661d5.eml,0
fc70e382-0b63-4456-8e88-5d30b4535492.eml,1
c7578736-c9af-4a2b-898d-3041b2043deb.eml,1
fb18f098-69d6-4f7f-9b06-4bbe07ae8f5d.eml,-
af609399-c8aa-4ac2-98c3-07724558d50d.eml,1
9c5f84af-7b01-4bbe-a66c-49fef391f84b.eml,1
26ee4251-de08-4c12-b3e7-7c0cf7aa975a.eml,1
486a4f64-ae4b-4a49-bb84-dd6f0911d49a.eml,1
a6c88ca2-70dd-4da1-a25a-ea735d2ff6dd.eml,1
aaa6061c-cbe1-4931-a598-e2b6d8121b66.eml,0
fe1dff86-9e7b-4bcd-9257-b51217948bf0.eml,1
4c7feb90-1b8b-49b5-a29d-e673a0863fb8.eml,1
c68680c6-db29-4ab2-b496-74775c4e9681.eml,1
41e20449-f338-4e55-ae05-0a8c2a6eccae.eml,1
bb2813a4-9ac6-46fc-803e-c273942b4de0.eml,1
4bf8960e-3d69-46ab-90ab-74253821a4f4.eml,1
21ef2132-0738-4b40-901c-554a24fcb013.eml,1
c7eda01c-eaf9-47f1-804c-1a8d398b546c.eml,1
f25cd043-3af3-4a8f-91ca-0cb50a85b4a9.eml,1
34e32e25-96be-41b1-a0ef-ebd7a4265e84.eml,1
74e7de3c-8290-43a0-aa96-f8fbad172893.eml,1
05324397-71a1-4772-8d5b-c48dc9da8057.eml,1
b3b98ccf-387d-4a40-867c-3a70ae27a497.eml,1
8f192751-5b2c-4157-a7c4-0476e3989c08.eml,1
e6240712-f862-4f26-96c5-acfd9a5c089d.eml,1
6262b3f5-81cb-4a66-a0dd-be27c9b1813a.eml,1
23aa2e5a-4061-4903-879e-81a53f7366d5.eml,1
eb08e12d-97cc-46b0-ba59-ab2314fb23e2.eml,1
b2071383-cf73-4792-8b98-a8d0e761b2cd.eml,0
44344465-e024-4f47-81d2-8fa10d8c6cad.eml,1
5ab242ea-75dd-4b47-b273-c8bd49fb336d.eml,1
9f07bfde-b279-4c11-b668-b2b038d14d5d.eml,1
a36b8ae9-573c-4a23-b821-30354e05ecff.eml,0
3c02a1ef-3114-40f8-b0a9-46bc2a7e4b47.eml,1
dfb4ef11-8654-45e3-8735-c720af0ba3d0.eml,1
06725fd8-0f67-4f24-ab9c-4c7e9ff87f24.eml,1
7ecb4ebb-22ba-4a7f-85b6-7b85fe3c2821.eml,1
9c328708-47a8-48e6-8640-3bab2b87510e.eml,1
09e6ac00-5224-44b4-9685-ee4266664bd5.eml,1
a488d5e4-2b54-44fe-aa40-c1ecf598199d.eml,1
0811881d-3a38-4b2b-8da9-b59418631ccf.eml,1
241eafc6-44ac-4202-bcae-ef167d1332ff.eml,1
703529ec-f881-4973-bb61-4cfcef587573.eml,1
635fbc81-235a-4b65-9ea0-5da58ea18dc4.eml,1
2cc8445f-6943-4163-b851-d27c4d0f5c8d.eml,1
cf55d6ea-f743-4e94-9ff0-0b221a08b5de.eml,1
b58f9bc5-acca-45fd-be97-53331a65ba72.eml,0
b9c7f23e-90b1-42b3-9198-bb92419024b9.eml,1
f386e824-b2ee-451c-967e-a78e92ba26b6.eml,1
0358f863-d3b7-4e6d-b399-8882134681af.eml,1
44731db7-2243-47da-8b12-ec021df6f7bb.eml,1
ae9b9984-c8b1-46f5-8074-aaddadf4c91f.eml,1
49302308-eb27-4299-a4f9-9aa135b9aca8.eml,1
e7a6fe2c-c6a7-464f-a444-267c1e183785.eml,1
1fbdb80d-3613-45ef-9ef9-24b55f4466a7.eml,1
0bd3c1ad-cc10-4ab9-8f57-ee68c2b1903f.eml,0
1646d22d-654e-4492-ae59-2ae87f46cfa0.eml,1
06fdc39e-71bd-46e0-a2ed-180f018c8d66.eml,1
7ef1fd33-7896-44f5-a141-5fa2793b1304.eml,1
2bbc1af3-d9f5-4585-b7b4-04117c6a3130.eml,1
fdc63ac8-b8fc-4f24-9dd0-b28742aac1af.eml,1
e425d3b3-5375-4c03-b0f2-392bcf25977e.eml,1
1029e4e2-5b5a-411b-b54f-748cacde0230.eml,1
b3507cd0-7717-45a7-85b3-bf52bdcd5868.eml,1
05bdd705-0998-45c5-8c49-638e5cbbc657.eml,1
1edb8057-4a5f-4126-9c60-bf1defd51eb8.eml,1
09e20246-70a2-40af-abdd-3661cfcf18b8.eml,1
b2a4723e-edde-4beb-83ca-ea8dd33be8f9.eml,0
174347ad-9b67-427f-a8ac-42943bc7cef4.eml,1
7f7b7db5-4c54-4148-ae5f-7208696d82b2.eml,0
157db0a4-f2f7-46cb-bad1-8b39dfc29937.eml,1
44337237-c682-4381-ad24-d12acd0c32cb.eml,1
a5562e28-e28b-4754-bf8c-c9b750902561.eml,1
b798a66f-3cb4-49e6-a036-861bc5bb3280.eml,1
51a2c00a-2c8a-45d0-9a37-8f07ebba00b7.eml,1
cb2c54c4-5beb-4344-95f1-fabb541e03fb.eml,1
e9486663-927d-4074-8afb-873da024ba42.eml,1
66e8c030-7164-487f-8b74-436bbb352a91.eml,0
1ea6cd66-69ad-4afa-8469-684937c03bb3.eml,1
2c128158-ca2d-4503-9ed0-08b24ca1766b.eml,1
a33c3f90-5fd5-4211-a5af-f813f9bd74ea.eml,1
3ebb09c5-490e-4f33-a0ed-89f960aebc55.eml,1
c0ba3181-fc79-4d84-8ce2-a8c8c5b0281b.eml,1
c4751273-7f24-4948-b590-afe7eb3d4e17.eml,1
f338b566-f8d6-4c9c-be59-c7003f2d679e.eml,1
9766b7b4-a2ae-48e6-a15b-1069cdc4f336.eml,1
d0d96e02-a9b0-4faa-a906-9c82f835257d.eml,1
f04af6cb-2da7-42b2-bf44-ce0f65c52f9d.eml,1
f3c27acd-e5fa-4574-9e9a-d7714d64cc11.eml,1
78f61ad0-69a8-463d-a462-41af2a47c778.eml,0
ac75ba3f-c973-4357-91aa-70e017e15725.eml,1
f6155531-c136-4816-bf4e-bd1469f9cc50.eml,1
4f050fa8-e6d1-4abd-b05a-5005b849386b.eml,1
d70ec34c-fe68-449f-bbe9-8560f292f8a9.eml,1
309db4fc-73fb-4fd2-a2c2-f40343b13682.eml,1
0959558f-1694-4f03-9a62-5eea5fac3b05.eml,1
6828f309-d94e-4001-abf7-f442306d3715.eml,1
1efc54d4-4171-4ea9-9614-4c5cee04b2d9.eml,1
7867d962-8f46-464e-83c5-b912313d8941.eml,0
435683db-61f2-46a0-bec5-24c30e58f95c.eml,1
71372176-1d70-44fd-8215-53ba465d3264.eml,1
ea663f5f-fe9e-4c36-9678-a3a2dcdbd86d.eml,1
65d2d0b1-d9e1-4bd0-9aeb-69e4c23330f1.eml,0
89f36546-519c-4deb-a3cc-459cc410f667.eml,1
41c3c8d3-11e4-453e-9ac0-bafa2fe5a0c7.eml,0
fb89fbb9-1f31-46d1-94b7-f619748d1b86.eml,1
4a9fda3c-3594-4fb5-be35-017069abc10e.eml,1
46fed7e2-664a-4ac6-8512-4951eb81e2f1.eml,1
b2fa7ed8-ffd6-46b8-b8cb-ef864b7d3e2c.eml,1
4d62e94f-12ec-498c-984b-b1a9474f6c82.eml,1
66da9748-1776-4b9f-8b43-d06b98a10449.eml,1
d90827aa-12c1-4d95-85e8-cd90537807b3.eml,0
75854b69-c1fa-41b7-b87a-128d869afca7.eml,1
511ef26f-a848-4805-b5b4-dd27c709e109.eml,1
91e7abad-40c0-44e8-84ef-7268a958f98a.eml,1
27f21899-db8a-42e0-8d3f-d3756112feb6.eml,0
1a1ef18d-0489-4765-8e6b-86c524838b61.eml,1
c6df7757-8adc-4f2d-bc07-ff94251c5105.eml,1
688bd4f9-58fb-42e8-8aa7-606b90f257c4.eml,1
bcfc36a8-43ce-4d9c-885f-5e4df195784d.eml,1
4ed16405-7408-4ecc-9385-b93443367597.eml,1
3ef86195-e783-47e0-bae6-2873766a8e14.eml,1
dc2a63fa-036a-47de-910c-37fd5d4d9589.eml,1
898a1d03-fdd6-4fd7-9c70-c4d5510a6dfe.eml,1
d2ef143b-2aa4-4c02-bb39-1857e2146134.eml,0
161f512b-f23e-441e-9276-def3b1f0da34.eml,1
aa8c29c9-82ab-41c7-be60-bc1da19ffad1.eml,1
dc75923a-93f2-4720-901d-d33b8ff675be.eml,1
0fb364ee-33cc-4013-bc46-59fb2729300f.eml,1
974e2848-aec3-4346-abd7-8fec8853c765.eml,1
ac11cb9d-013a-4bad-af62-85b3a11e4df1.eml,0
6adda637-aca0-4b4b-a283-14bab0fcb1ab.eml,1
4cbb584c-1cfa-42bf-9c18-993a80c1b049.eml,0
1f3c0796-7bf8-44bd-8bc3-5834cf739078.eml,1
55e93698-ca13-48f2-bb78-2f755c81b403.eml,1
6b9dc5a0-e227-477d-b523-089ad70a3dff.eml,1
553624d1-f0cd-4e2a-a8e5-4584ebd7ce97.eml,1
1678c155-a0c1-49af-a311-8963070288f0.eml,1
0b26adda-c21e-4735-b320-6f4e515af407.eml,1
2301de00-3abb-4a53-b2fa-c4a641daa07a.eml,1
20b67d70-abe9-4941-8a61-4dd85ae76245.eml,0
34a82157-0fa6-4032-89ea-c00b3244c39b.eml,1
dc6951f3-6378-4e56-b250-20e190d338d8.eml,1
3eeb6815-456f-43ed-ac7e-c9528c47cd66.eml,1
e7a51313-aa85-4702-9d7c-0a8517a47e6b.eml,1
f497b8a3-3874-40d6-9a8a-245f18712e32.eml,1
0965a777-50d8-40e7-953b-3f25169e3393.eml,1
0fdf667f-c847-4757-8aab-337c0ac2e306.eml,1
3755205e-2211-495a-9b1d-892095ede921.eml,1
55741a28-a129-41f0-ae66-bfce4b14e4c7.eml,1
cbf178a8-4b86-41ba-b006-aa6439e98006.eml,1
6c7098b2-3415-41b1-aa54-d8d7f691a11b.eml,1
867470bd-2aca-4d8d-a6fd-57b6f718d786.eml,1
b0510083-7d5b-47e2-ba13-90000a1545e4.eml,1
5b6469e8-ad5d-441d-96cc-f638d840295e.eml,1
db21333a-3d1c-4d3c-9479-dde15041f6c4.eml,1
b72d4d6e-49fd-43b8-8315-6109fd639b91.eml,1
6bb916e9-dc81-4062-af58-20bb3dd21c37.eml,1
da9c7a64-b346-49ca-8482-ae71bd93ba6d.eml,1
27909df2-a7bb-4bdc-8c53-822fbaab7cab.eml,1
8af24e4d-b9b5-4ef1-a5cd-d249712a1de2.eml,1
c1477fe4-c2f5-4fb8-a04a-7d7a1773f613.eml,0
33b7056b-3bbc-4c31-8a89-5efbefe91b21.eml,1
6adba242-d1fa-4ebf-addf-58f1f47974f1.eml,1
f9f706e2-5996-4558-978e-3e16d8e8ea12.eml,1
c6646069-c778-4292-9754-ef04205d4de4.eml,1
a5ba32a4-cda3-4076-a99c-92895078fd66.eml,1
f7864db3-6bd5-4c02-b3dc-876c8a85f323.eml,1
f4b850d4-29b1-4416-91bc-5dbaa9d1bbc6.eml,1
e695bc73-ef59-448e-9c74-815190e4644b.eml,1
bda410f1-283c-4d51-90b3-a7e65496cef2.eml,1
b07dd8d0-cbc1-474a-a3da-8b941087ac28.eml,1
eb957cfc-8cf5-4d5d-b3b1-31fb7585f2e9.eml,1
5f477105-bcf9-40e2-8cee-90057aefc714.eml,1
179793aa-6f12-411f-a95d-59f97018fc54.eml,1
221724e5-f0cf-43e6-9381-715e7dd16f14.eml,1
0e671551-8c40-413a-8a48-d045b872daca.eml,0
0d514d54-be92-4a3a-a8dd-f0b1222ca475.eml,1
9f048e5d-4c7c-4654-9a61-993a1a255fc9.eml,1
f373708a-8204-47f4-b733-98c93f5099b9.eml,1
caf98b17-824b-4685-b226-9e39ddc0e439.eml,1
ffcd44e4-e424-4f89-b177-7080a76b4329.eml,1
9e5c26e8-9ba9-44f1-939f-c79b996c42fe.eml,1
6a46496a-ba1f-4f52-a456-81db9104c3f7.eml,1
503be433-d0ed-43ac-a2ef-ad3715d406db.eml,0
73f6365e-fb0a-45a7-9f7e-86435aff3e6d.eml,0
ba5361e5-f51a-41cf-8a75-a645bbe98e5d.eml,0
67b7a749-1eac-46cb-a341-2e60f5214840.eml,1
1225c9b4-cb89-4d18-85b6-a83e9989c6c0.eml,1
c1e51e9f-00ff-4299-9d8c-69a0033dda1f.eml,1
2ed7aa84-1bbc-4d5b-b1b6-86d1d9f4ace0.eml,1
4e3c158e-12c1-45bd-a5b6-ed61f98e020f.eml,1
6fd72e7d-ec65-4446-af54-14c5d3ce701e.eml,1
65b08f35-25a6-4a5e-b9d5-691591d6d305.eml,0
893a71fd-2ff7-40c3-90ac-0f70c22e94ec.eml,1
d00837c0-efd5-4847-a34d-156cefadc13e.eml,1
aa87e07a-478b-4cd8-ac23-653e33460a4b.eml,1
ed1e066d-e169-45be-b84b-e4a0f98ad0e4.eml,1
694d589c-e3f9-4380-8096-7050b60e0247.eml,1
cf684680-b1d7-499e-829e-85b19921902a.eml,1
fdbd2f11-5354-4624-974f-df8b90d03165.eml,1
03efa266-43e1-4f60-9664-0b8445b33787.eml,1
168ec606-74c7-4b13-81b2-8c80cf487884.eml,1
871993bf-31d5-4e0d-a7ad-99c177872b3f.eml,1
20d38e09-9b9b-4d3a-9fe2-c12a4dedb704.eml,1
0a88ab79-8bde-41eb-9b1a-55ccd29f392a.eml,1
6a88ff6b-321d-4b98-92b3-17477935b0e1.eml,1
65c7c25d-a7b0-4e56-a7c0-90ef70980e8a.eml,1
e812e705-cc58-42f2-b908-bf5d04fff66c.eml,1
104bf912-2745-4591-b8b3-54198ac5b685.eml,1
65a2b034-7ef5-4fa2-81bf-876e6910a4fc.eml,1
d6ac0da1-9a25-4611-af42-dee154773d90.eml,1
5021e550-3992-4b92-b213-24305db393ea.eml,1
4c700c3a-8d48-47d4-b2e1-f5d2ffa2ec69.eml,1
cc6ececc-7a29-4c77-a0dc-283911ed8cad.eml,1
9496d7e4-c30e-4de4-ba00-abb68ec4b4f0.eml,1
ce6d58a6-1f84-4c95-a437-9ef9d7b27e29.eml,1
0327eea8-fa17-4f13-9e4e-6e34ca6a41a6.eml,1
46b83293-1189-4a4a-b49a-f6685b5da3c8.eml,1
f04cc092-64ec-4d0f-9577-34450a285c95.eml,1
63737795-fa87-4fd8-b060-a99591c01f65.eml,0
8144d756-13f1-40c2-81a2-fd7787699c72.eml,1
a65da363-ea2e-463d-b24b-d1d390f53800.eml,1
74bd7205-421e-4f8b-b253-9fb35ec3182c.eml,1
f1a59aa6-6e20-4d2b-b8ab-266c75cbac42.eml,1
1578e562-9727-43b2-9cb4-4eba6be56c1d.eml,1
0b9df8ab-63cc-4ade-bcff-a71d53005e5a.eml,1
0e532490-005d-43e7-8165-d3ac2dbb04cc.eml,1
0b50d7aa-eb62-462f-97fa-02dbf21d3f5a.eml,1
8260ec25-f734-4920-9e19-5daa7dfa69e0.eml,1
73497636-ffd9-4de4-8970-fb27a19b7002.eml,0
b8ea8d97-a281-4d52-94b6-5be44a1c260d.eml,1
7e1078df-4791-44f8-9ee8-975dbb9f24e7.eml,1
a27403d2-9525-4773-b5e3-2514921ac932.eml,1
60679d14-9e2d-4191-a286-3214deeebd90.eml,1
786ea1ef-dd98-46c0-99bb-7aa4a5df0442.eml,1
f171c7ae-086a-41bb-ba00-68349ed552d1.eml,1
8aa1c9c7-e134-45f0-87b1-b1ff47609c4f.eml,1
fd56d0b3-0e09-4cf4-bfd2-c43c58da2a89.eml,1
937dc56a-33d9-4f4a-ade6-b9364d1597ac.eml,1
c98dd66f-9f78-4001-8a8d-160a209d908e.eml,1
fd7a30aa-f3c7-4e94-b1df-b09ab512099b.eml,1
30bb56be-8113-4363-ba94-dd24044cec90.eml,1
1b7b325f-02b1-42d6-99a8-f94719566074.eml,1
42fc68ce-a492-4fd3-b35c-aec54edf5797.eml,1
91898686-052f-4daf-af6f-86a8b5aca75b.eml,1
b37a3498-d33f-423e-9592-a663fb8c4019.eml,1
81b960c4-cdb8-4605-ab62-9058508d1565.eml,1
e8de7006-5357-44f6-8880-4cee288182cc.eml,1
849785de-cc94-4e6b-b805-cc0b760971fc.eml,1
c54fb561-ceb1-4692-bbbd-b459ef0b662d.eml,0
aa1d2360-ed9f-4259-ad8c-01c125c82be5.eml,1
a5517bb2-e483-44c7-a5e6-001f22fdc7c2.eml,1
